Client_ID,Age,Sexe,Montant_Achats,Catégories_Produits,Fréquence_Achats
3.14,27.64,Homme,295.8,Fruits,4.53
2.68,43.55,Femme,174.85,Boissons,4.96
3.5,32.54,Homme,106.73,Légumes,2.93
3.05,40.58,Homme,196.76,Légumes,4.8
1.52,29.53,Homme,124.02,Légumes,5.71
3.84,43.31,Femme,110.25,Boissons,4.95
3.21,32.12,Femme,141.45,Boissons,4.96
1.97,40.75,Femme,230.86,Légumes,2.43
1.36,37.39,Homme,104.08,Légumes,5.88
3.85,28.04,Homme,270.97,Fruits,3.92
2.74,38.46,Femme,190.89,Légumes,4.52
3.65,34.81,Femme,155.56,Boissons,5.03
2.68,38.9,Femme,107.96,Boissons,5.59
1.73,33.52,Homme,118.89,Légumes,3.75
3.28,35.4,Femme,151.04,Produits Transformés,5.94
2.33,37.07,Homme,298.85,Produits Transformés,4.08
4.5,23.07,Femme,195.53,Produits Transformés,4.13
1.13,39.26,Femme,254.44,Produits Transformés,3.16
2.2,22.77,Femme,164.91,Fruits,2.39
4.13,36.51,Femme,267.64,Boissons,3.18
4.73,43.71,Femme,192.2,Boissons,4.14
4.4,40.0,Femme,263.22,Produits Transformés,5.98
4.99,38.46,Femme,198.13,Produits Transformés,3.31
3.85,28.06,Femme,197.06,Boissons,3.6
3.49,34.0,Homme,241.51,Fruits,3.42
1.77,37.02,Homme,261.09,Produits Transformés,3.64
1.03,42.6,Homme,281.88,Légumes,4.47
3.46,27.29,Femme,178.07,Fruits,3.0
4.86,24.38,Homme,103.44,Fruits,5.75
2.7,29.4,Femme,204.47,Produits Transformés,4.76
3.98,33.72,Homme,114.07,Boissons,5.64
2.56,42.26,Femme,295.65,Produits Transformés,4.32
2.99,28.26,Femme,299.28,Fruits,4.8
1.8,33.37,Femme,172.19,Légumes,5.85
3.17,32.47,Homme,276.77,Légumes,4.4
2.66,34.56,Homme,221.83,Produits Transformés,5.06
2.11,44.08,Homme,204.58,Fruits,2.41
3.55,38.72,Femme,140.81,Légumes,4.62
1.17,40.87,Femme,145.14,Fruits,4.54
1.14,44.79,Femme,293.17,Légumes,4.51
2.93,43.73,Homme,221.39,Boissons,3.48
2.11,42.85,Homme,285.7,Fruits,5.31
3.43,40.53,Homme,145.28,Fruits,5.29
1.36,27.36,Femme,245.45,Boissons,5.7
1.02,33.51,Homme,156.68,Fruits,5.78
1.75,41.35,Homme,277.32,Fruits,2.07
1.25,22.71,Homme,299.66,Boissons,2.14
1.76,39.34,Homme,280.43,Produits Transformés,3.21
2.76,35.49,Femme,124.45,Fruits,2.7
2.05,35.43,Homme,224.14,Produits Transformés,5.94
4.95,23.39,Homme,277.11,Boissons,2.34
2.73,34.68,Homme,162.19,Boissons,2.51
3.38,29.74,Femme,233.38,Légumes,4.79
1.09,39.43,Femme,286.26,Légumes,2.83
1.64,40.61,Homme,162.18,Fruits,5.03
2.66,39.29,Femme,275.17,Fruits,4.22
1.05,35.84,Homme,117.48,Fruits,2.13
1.6,43.5,Homme,163.95,Boissons,4.44
3.83,33.69,Femme,126.73,Produits Transformés,4.43
4.27,29.6,Homme,272.28,Boissons,3.71
1.16,33.13,Femme,151.81,Fruits,3.86
4.55,40.3,Homme,158.91,Légumes,2.86
4.5,37.88,Homme,158.85,Boissons,5.11
4.79,23.52,Homme,249.19,Fruits,2.03
4.12,37.43,Femme,251.77,Légumes,3.04
2.62,44.73,Homme,268.79,Fruits,4.8
2.04,37.25,Femme,255.54,Produits Transformés,2.69
1.91,26.46,Homme,112.85,Légumes,3.09
1.22,43.47,Homme,177.91,Fruits,3.2
1.82,28.77,Homme,282.54,Fruits,3.88
3.75,24.55,Femme,257.92,Produits Transformés,4.8
4.7,30.76,Femme,268.58,Produits Transformés,2.99
3.45,42.15,Homme,132.02,Produits Transformés,3.42
4.49,29.63,Homme,219.43,Produits Transformés,3.34
1.57,32.61,Homme,181.57,Produits Transformés,3.58
4.7,30.02,Homme,174.7,Produits Transformés,5.48
1.17,44.95,Homme,110.68,Fruits,5.44
1.21,35.25,Homme,155.9,Légumes,5.34
3.27,27.44,Homme,190.18,Légumes,5.96
4.98,37.8,Homme,127.6,Produits Transformés,3.36
4.55,27.82,Homme,260.46,Produits Transformés,4.3
2.93,38.35,Femme,245.4,Légumes,3.22
1.07,34.99,Femme,168.17,Produits Transformés,4.82
1.93,41.88,Femme,164.19,Fruits,3.19
2.01,43.95,Homme,172.87,Fruits,2.35
4.14,25.43,Homme,148.55,Produits Transformés,3.06
2.17,43.97,Femme,133.53,Boissons,5.02
2.23,43.17,Femme,223.36,Boissons,3.45
3.1,35.75,Femme,154.0,Légumes,4.56
3.3,28.49,Femme,225.6,Légumes,3.06
4.85,38.09,Homme,215.77,Boissons,5.32
3.59,27.91,Homme,154.72,Boissons,4.05
3.93,29.34,Homme,293.13,Légumes,3.6
4.02,37.94,Femme,160.88,Boissons,3.46
3.73,37.65,Femme,254.91,Produits Transformés,4.25
2.62,35.55,Femme,222.88,Produits Transformés,2.46
3.93,25.13,Femme,234.3,Fruits,4.79
2.93,28.09,Femme,172.04,Produits Transformés,2.48
2.8,28.75,Homme,180.84,Légumes,3.44
4.42,25.17,Homme,163.54,Légumes,5.84
2.25,22.6,Femme,111.59,Produits Transformés,4.15
3.15,42.87,Femme,119.97,Fruits,5.83
2.48,25.27,Femme,293.4,Boissons,2.64
1.3,43.17,Homme,158.67,Produits Transformés,4.06
3.89,23.4,Homme,104.58,Légumes,5.96
1.75,24.43,Femme,110.06,Légumes,3.3
2.07,29.18,Homme,140.48,Boissons,5.32
3.18,44.08,Homme,238.07,Légumes,3.52
3.35,44.53,Homme,260.33,Légumes,4.89
1.07,42.18,Homme,147.93,Légumes,5.05
4.81,25.61,Femme,107.37,Légumes,4.55
1.52,23.19,Homme,154.64,Produits Transformés,5.36
2.71,27.08,Homme,239.3,Produits Transformés,3.76
2.49,31.38,Homme,162.17,Légumes,3.55
4.82,32.07,Femme,146.97,Boissons,2.53
1.44,23.25,Femme,183.17,Fruits,4.04
1.44,37.86,Femme,107.66,Légumes,4.25
4.8,23.5,Homme,205.68,Fruits,2.52
1.29,30.9,Homme,168.65,Produits Transformés,3.74
2.59,34.43,Homme,102.52,Boissons,5.75
1.31,34.04,Homme,270.16,Produits Transformés,4.56
4.49,27.23,Homme,179.56,Légumes,3.56
1.08,32.38,Femme,177.85,Légumes,4.33
2.04,27.53,Homme,174.82,Produits Transformés,2.82
3.43,31.26,Femme,194.6,Légumes,3.73
2.78,25.59,Femme,165.15,Légumes,3.1
4.63,43.47,Femme,171.81,Produits Transformés,3.07
4.08,40.81,Femme,216.54,Boissons,4.14
1.14,34.22,Femme,156.87,Légumes,2.4
1.1,36.57,Homme,107.16,Fruits,4.29
3.71,25.89,Femme,239.41,Fruits,2.1
1.37,35.35,Femme,119.42,Fruits,4.86
4.77,43.3,Femme,238.72,Fruits,3.19
3.51,35.18,Femme,262.07,Légumes,4.11
2.71,25.77,Homme,255.84,Produits Transformés,3.97
3.58,27.8,Femme,281.23,Légumes,3.14
3.57,30.64,Femme,171.06,Fruits,4.21
2.04,30.52,Femme,192.21,Légumes,2.02
1.44,42.43,Homme,227.29,Légumes,4.03
1.52,28.47,Femme,172.28,Produits Transformés,5.02
2.07,42.35,Homme,152.45,Légumes,4.5
2.72,42.14,Femme,287.87,Boissons,2.44
4.55,39.71,Femme,168.62,Fruits,2.24
1.3,35.58,Femme,255.37,Boissons,5.22
2.9,29.47,Femme,299.91,Boissons,2.19
2.52,22.48,Homme,162.63,Boissons,4.38
1.07,23.22,Femme,118.71,Produits Transformés,2.84
1.72,39.22,Homme,114.92,Boissons,2.24
1.45,35.65,Femme,259.68,Légumes,5.08
2.28,41.95,Femme,274.0,Produits Transformés,3.06
4.27,26.39,Femme,178.3,Légumes,2.77
1.88,41.4,Femme,108.37,Fruits,3.72
3.25,32.6,Femme,155.88,Produits Transformés,3.01
4.42,32.26,Femme,214.97,Fruits,2.4
4.61,42.1,Femme,210.94,Légumes,4.11
4.76,28.29,Homme,195.57,Boissons,4.28
3.13,42.09,Femme,186.68,Légumes,2.19
4.35,22.01,Femme,209.47,Légumes,2.4
4.77,23.45,Femme,246.79,Fruits,5.83
2.45,25.62,Femme,286.66,Légumes,2.99
4.94,25.44,Homme,231.18,Légumes,3.04
2.92,29.72,Homme,283.29,Produits Transformés,5.58
3.81,35.25,Homme,237.48,Boissons,2.83
2.43,33.35,Femme,244.85,Légumes,4.59
1.08,38.37,Homme,132.8,Produits Transformés,4.01
2.79,25.2,Homme,197.53,Fruits,2.86
2.15,36.6,Femme,182.41,Produits Transformés,3.77
2.26,29.93,Homme,159.02,Fruits,5.27
2.57,30.18,Homme,235.18,Légumes,3.89
2.05,30.95,Femme,176.18,Produits Transformés,2.99
1.55,31.48,Femme,282.43,Produits Transformés,2.72
2.84,38.17,Homme,191.41,Boissons,2.16
2.17,27.85,Femme,130.44,Légumes,4.77
4.88,24.47,Homme,106.18,Boissons,5.14
1.24,22.24,Homme,227.43,Boissons,3.41
2.34,33.84,Femme,100.9,Légumes,4.99
4.19,22.96,Femme,138.0,Fruits,5.01
4.74,41.09,Homme,117.68,Boissons,5.39
1.79,44.55,Homme,145.67,Boissons,4.71
4.95,37.42,Femme,249.95,Boissons,5.0
4.23,31.19,Homme,214.8,Boissons,3.1
4.78,32.3,Femme,267.26,Légumes,3.9
4.67,29.75,Femme,113.43,Produits Transformés,2.16
1.18,42.13,Femme,247.99,Légumes,3.92
3.42,33.82,Femme,146.22,Boissons,2.73
3.26,27.03,Femme,164.85,Fruits,4.97
2.45,32.73,Femme,109.42,Boissons,5.92
1.04,26.8,Femme,296.88,Légumes,4.75
4.0,23.33,Femme,161.61,Produits Transformés,2.38
4.04,32.34,Homme,149.34,Légumes,2.74
2.59,25.88,Femme,114.31,Fruits,4.67
1.97,38.09,Femme,254.92,Produits Transformés,5.09
2.44,43.45,Homme,224.04,Boissons,3.59
3.31,31.9,Femme,151.74,Produits Transformés,4.78
4.05,27.35,Femme,262.92,Produits Transformés,5.52
1.57,27.23,Femme,198.29,Produits Transformés,4.48
2.72,42.12,Femme,108.86,Boissons,5.32
3.27,30.93,Femme,241.73,Produits Transformés,2.27
2.3,28.19,Homme,134.61,Légumes,2.81
1.95,40.98,Homme,183.95,Légumes,5.31
2.43,30.51,Homme,209.75,Fruits,4.54
1.35,29.24,Femme,146.84,Légumes,5.74
2.86,25.24,Homme,226.92,Boissons,4.66
4.73,25.66,Homme,280.92,Légumes,5.13
3.37,30.65,Femme,137.72,Boissons,4.49
1.16,43.39,Femme,245.69,Produits Transformés,2.83
4.88,36.87,Homme,188.55,Légumes,3.96
2.08,44.03,Homme,154.22,Fruits,3.79
4.33,24.14,Homme,249.99,Légumes,3.2
4.88,32.6,Femme,131.68,Boissons,3.42
3.19,34.7,Homme,117.11,Produits Transformés,4.57
3.89,25.6,Homme,173.22,Fruits,4.39
1.7,29.45,Femme,100.52,Boissons,4.35
2.37,36.39,Homme,246.1,Fruits,2.53
2.34,33.42,Femme,189.05,Fruits,2.85
2.29,33.23,Homme,110.92,Légumes,4.79
1.37,23.23,Femme,126.21,Fruits,3.33
2.81,22.31,Femme,149.08,Boissons,3.27
4.48,42.4,Femme,290.16,Produits Transformés,3.82
1.23,28.73,Femme,125.64,Produits Transformés,5.09
3.97,42.57,Homme,184.17,Légumes,2.47
4.64,44.66,Femme,188.88,Légumes,3.31
2.59,34.92,Homme,110.86,Boissons,4.31
2.93,22.34,Femme,143.82,Produits Transformés,5.31
1.02,29.47,Femme,149.34,Fruits,4.19
3.45,40.69,Homme,166.22,Fruits,3.4
4.45,35.5,Homme,144.45,Fruits,5.01
3.8,30.24,Femme,217.77,Fruits,2.06
3.67,27.68,Homme,222.43,Boissons,5.91
1.47,23.93,Femme,244.29,Légumes,2.26
1.95,27.92,Femme,152.0,Boissons,5.18
3.07,39.26,Femme,208.05,Légumes,2.21
1.4,43.19,Femme,227.49,Boissons,4.11
4.13,30.47,Homme,297.26,Produits Transformés,3.77
4.19,27.95,Femme,251.68,Produits Transformés,3.58
3.47,33.83,Homme,259.82,Légumes,4.13
3.37,33.69,Homme,205.69,Produits Transformés,2.61
4.9,22.7,Femme,284.31,Légumes,5.29
3.25,36.96,Femme,293.58,Produits Transformés,5.07
3.26,36.86,Homme,163.77,Légumes,2.04
1.13,41.6,Femme,211.91,Produits Transformés,2.17
3.99,34.73,Homme,257.59,Fruits,5.69
4.65,39.38,Homme,238.54,Produits Transformés,3.74
2.79,33.54,Homme,264.98,Produits Transformés,2.99
3.24,43.22,Homme,185.39,Légumes,2.14
1.31,29.58,Femme,211.88,Boissons,2.51
2.57,35.52,Homme,129.59,Produits Transformés,2.43
3.69,42.82,Femme,182.03,Produits Transformés,4.82
2.82,37.47,Homme,234.52,Légumes,2.85
4.96,37.32,Femme,106.31,Boissons,4.4
3.97,36.86,Homme,197.2,Boissons,4.66
4.02,24.99,Homme,258.96,Légumes,2.75
3.99,26.61,Femme,120.31,Fruits,2.7
1.25,32.1,Homme,150.4,Boissons,4.36
2.71,41.43,Femme,258.89,Légumes,2.68
4.29,43.91,Homme,198.54,Fruits,5.31
2.43,40.85,Femme,190.5,Légumes,4.14
4.51,41.25,Femme,240.22,Produits Transformés,4.39
1.67,35.67,Homme,182.74,Légumes,2.23
4.31,33.24,Homme,249.9,Fruits,3.72
4.82,28.72,Homme,141.63,Boissons,4.14
1.81,22.43,Femme,275.9,Boissons,2.56
1.5,44.25,Femme,245.49,Légumes,3.21
1.99,37.07,Femme,192.84,Légumes,5.32
4.62,24.45,Femme,246.28,Légumes,2.67
4.44,28.52,Femme,169.14,Produits Transformés,5.61
4.71,23.02,Femme,113.92,Boissons,5.46
2.08,32.98,Homme,104.93,Fruits,5.79
1.11,38.06,Homme,220.38,Produits Transformés,5.92
3.36,42.48,Homme,253.59,Produits Transformés,4.58
4.84,27.62,Femme,250.86,Produits Transformés,3.18
4.15,30.64,Homme,299.68,Boissons,2.3
3.93,22.09,Homme,214.95,Légumes,5.53
1.76,32.74,Femme,255.57,Légumes,4.71
2.36,23.35,Homme,208.45,Légumes,5.79
2.21,23.46,Femme,107.76,Boissons,2.39
1.32,42.14,Femme,143.24,Fruits,4.39
3.01,33.54,Femme,148.12,Fruits,2.51
2.53,24.47,Homme,203.49,Boissons,5.71
1.36,38.56,Femme,216.42,Produits Transformés,5.5
3.5,41.93,Femme,136.99,Produits Transformés,4.13
3.75,28.09,Femme,118.82,Produits Transformés,2.13
4.8,30.53,Femme,204.49,Produits Transformés,3.84
4.96,39.59,Femme,200.39,Produits Transformés,3.97
4.79,32.61,Homme,141.93,Produits Transformés,3.18
2.97,32.59,Homme,138.24,Légumes,3.02
3.08,38.02,Homme,127.35,Fruits,3.69
1.71,27.28,Homme,248.56,Légumes,5.84
4.04,27.71,Femme,219.52,Fruits,5.78
4.02,27.85,Femme,209.44,Boissons,5.93
3.32,27.8,Homme,128.08,Produits Transformés,3.97
3.2,31.28,Femme,243.61,Fruits,5.0
4.9,35.6,Femme,285.65,Produits Transformés,5.71
1.33,35.38,Femme,263.03,Légumes,2.38
1.33,43.58,Femme,273.83,Boissons,2.13
4.53,24.83,Femme,193.71,Produits Transformés,5.79
1.13,34.8,Femme,140.06,Produits Transformés,5.72
4.63,42.68,Homme,146.55,Fruits,5.82
1.95,27.85,Homme,297.68,Produits Transformés,5.61
1.5,44.66,Femme,190.51,Boissons,4.85
3.32,32.52,Homme,228.57,Fruits,2.7
3.71,27.27,Homme,196.95,Fruits,5.57
1.62,29.06,Femme,222.62,Légumes,4.64
4.03,27.33,Femme,121.84,Fruits,2.92
1.09,37.49,Femme,299.87,Produits Transformés,3.74
3.62,31.79,Homme,177.68,Légumes,4.88
1.19,23.43,Femme,158.34,Boissons,2.04
2.67,24.56,Homme,101.06,Légumes,5.01
3.6,29.43,Femme,213.23,Boissons,2.37
1.94,35.23,Homme,103.14,Fruits,3.23
3.67,36.6,Femme,263.07,Légumes,5.41
2.67,31.49,Homme,268.53,Fruits,2.83
2.56,44.19,Femme,272.65,Produits Transformés,3.64
2.93,31.51,Homme,235.4,Produits Transformés,2.74
4.34,40.22,Homme,248.57,Légumes,3.32
1.52,25.17,Femme,261.85,Produits Transformés,2.74
2.41,42.57,Femme,206.66,Fruits,3.67
1.96,39.94,Femme,254.66,Boissons,5.59
1.11,40.97,Homme,281.81,Produits Transformés,3.91
2.46,28.62,Femme,294.8,Produits Transformés,3.32
2.8,25.03,Femme,172.07,Boissons,4.98
2.97,22.4,Femme,192.55,Fruits,3.0
3.23,26.65,Femme,242.35,Fruits,3.97
3.3,40.04,Femme,102.55,Produits Transformés,4.44
3.75,40.3,Femme,287.56,Produits Transformés,2.04
3.18,42.28,Homme,215.75,Produits Transformés,2.57
1.71,30.88,Femme,279.73,Boissons,2.71
2.03,32.98,Femme,223.01,Fruits,2.2
1.27,40.43,Homme,253.56,Fruits,5.59
2.02,27.94,Femme,258.69,Produits Transformés,3.51
3.01,22.88,Homme,274.64,Fruits,5.94
2.02,41.3,Homme,242.72,Légumes,4.24
3.08,43.26,Homme,208.33,Légumes,5.74
3.75,26.03,Femme,164.43,Fruits,2.68
1.75,30.93,Homme,279.71,Produits Transformés,5.84
2.74,32.59,Femme,155.75,Boissons,2.39
1.9,44.09,Femme,134.84,Fruits,2.08
4.3,30.03,Femme,278.87,Boissons,5.69
1.17,33.72,Femme,195.67,Fruits,3.81
3.2,29.21,Femme,117.47,Fruits,4.15
2.3,28.56,Femme,241.93,Légumes,2.97
4.57,25.08,Homme,295.22,Boissons,2.92
1.85,24.5,Homme,149.72,Fruits,5.36
3.28,41.5,Homme,280.03,Légumes,3.76
2.29,32.71,Homme,137.07,Boissons,3.3
1.96,26.55,Femme,240.5,Légumes,5.36
1.8,40.37,Femme,240.65,Légumes,4.43
1.74,38.73,Homme,170.21,Boissons,2.13
1.3,30.82,Femme,130.41,Boissons,2.88
3.51,26.1,Homme,287.93,Légumes,2.09
4.04,33.58,Femme,112.48,Boissons,3.33
4.85,24.34,Homme,112.59,Boissons,5.07
4.34,28.69,Femme,220.41,Produits Transformés,2.72
2.13,41.29,Femme,101.2,Produits Transformés,3.85
3.27,32.56,Femme,134.2,Boissons,4.68
2.96,29.04,Femme,268.12,Produits Transformés,4.74
3.59,36.17,Femme,212.31,Produits Transformés,4.69
4.65,42.87,Femme,159.27,Produits Transformés,2.47
2.72,26.05,Femme,229.82,Produits Transformés,4.48
4.76,32.55,Femme,118.25,Produits Transformés,5.93
3.55,32.6,Femme,248.4,Produits Transformés,3.76
4.22,37.55,Femme,135.5,Fruits,5.32
2.4,24.67,Femme,250.04,Fruits,2.95
3.15,26.82,Femme,213.82,Fruits,4.36
3.88,24.88,Homme,243.67,Légumes,5.77
2.49,36.14,Femme,205.5,Légumes,3.91
4.41,23.06,Femme,208.97,Boissons,3.06
2.42,24.71,Femme,118.17,Fruits,5.45
2.76,40.22,Homme,288.74,Fruits,5.46
1.13,43.03,Homme,218.92,Boissons,2.92
4.06,36.67,Homme,291.45,Fruits,3.24
1.35,32.4,Homme,111.86,Produits Transformés,3.03
2.86,40.78,Femme,249.83,Boissons,5.86
1.51,27.41,Homme,199.39,Produits Transformés,4.28
4.04,36.64,Homme,138.17,Légumes,2.08
2.19,40.43,Homme,265.96,Produits Transformés,5.24
1.7,34.08,Homme,172.72,Fruits,5.3
3.6,32.49,Homme,162.15,Boissons,5.29
3.97,29.08,Femme,170.38,Boissons,5.5
4.85,40.17,Femme,202.72,Boissons,5.21
4.58,24.8,Femme,257.39,Boissons,2.24
3.05,31.51,Femme,160.31,Produits Transformés,5.77
2.94,40.5,Homme,214.9,Produits Transformés,2.24
2.55,38.65,Femme,198.89,Boissons,5.94
3.77,28.36,Femme,256.12,Légumes,2.55
2.25,30.3,Femme,114.44,Légumes,2.61
3.35,35.9,Homme,218.58,Fruits,4.48
3.1,34.28,Femme,194.67,Produits Transformés,4.04
2.56,43.18,Homme,242.61,Fruits,2.69
1.46,39.1,Homme,124.42,Boissons,2.57
3.88,40.56,Homme,123.66,Produits Transformés,5.15
4.18,30.7,Femme,153.62,Légumes,3.88
4.46,41.25,Homme,244.57,Légumes,4.94
4.51,31.69,Homme,117.77,Fruits,2.25
1.96,44.4,Homme,140.82,Légumes,3.52
3.1,41.88,Femme,222.3,Légumes,2.47
4.18,37.41,Homme,170.94,Boissons,3.36
4.81,32.36,Femme,199.85,Légumes,4.67
3.99,32.99,Homme,120.61,Produits Transformés,4.85
4.59,28.92,Femme,288.89,Légumes,5.96
1.38,43.84,Femme,130.41,Produits Transformés,4.28
4.22,22.91,Homme,227.19,Boissons,4.56
1.05,29.25,Femme,172.96,Fruits,2.59
3.81,23.69,Homme,290.01,Fruits,3.4
2.39,22.93,Femme,176.43,Boissons,4.39
1.24,23.35,Femme,161.73,Légumes,3.44
2.04,35.05,Homme,137.5,Légumes,5.4
1.79,28.87,Femme,248.05,Produits Transformés,2.85
2.86,29.1,Femme,164.89,Légumes,4.27
3.13,42.06,Femme,298.27,Fruits,4.08
3.4,28.98,Femme,262.65,Produits Transformés,4.58
4.7,23.61,Homme,288.65,Produits Transformés,4.18
3.39,34.04,Femme,286.99,Produits Transformés,5.8
1.04,34.97,Homme,251.18,Fruits,2.87
3.16,36.52,Homme,293.85,Fruits,4.3
3.12,33.54,Homme,193.01,Boissons,4.33
4.64,41.49,Homme,224.5,Légumes,4.68
2.96,35.46,Femme,150.63,Boissons,3.1
1.15,42.49,Femme,131.72,Boissons,4.76
2.68,40.69,Homme,198.08,Fruits,3.85
3.74,28.57,Femme,151.56,Boissons,4.9
4.02,37.11,Homme,141.61,Fruits,3.06
3.19,24.95,Femme,159.13,Légumes,2.93
3.56,28.83,Femme,264.27,Légumes,6.0
3.47,44.72,Femme,147.35,Produits Transformés,4.48
2.96,24.28,Femme,128.51,Légumes,5.06
4.41,44.59,Femme,199.21,Boissons,3.6
1.92,29.87,Homme,103.44,Légumes,3.27
1.72,27.62,Homme,250.62,Fruits,3.57
4.2,25.66,Homme,212.26,Boissons,5.28
3.5,22.84,Femme,238.3,Fruits,5.92
2.02,36.99,Homme,109.5,Fruits,3.34
4.89,32.92,Homme,125.21,Produits Transformés,2.88
1.61,30.18,Homme,106.61,Boissons,3.61
2.15,40.51,Femme,186.38,Fruits,2.27
3.9,33.89,Femme,206.3,Boissons,3.84
1.22,37.72,Homme,299.08,Boissons,2.69
3.39,28.73,Homme,175.48,Légumes,4.87
4.49,27.9,Femme,171.01,Légumes,4.61
2.1,32.8,Femme,198.33,Fruits,4.47
4.71,41.31,Homme,123.93,Produits Transformés,5.38
1.96,26.68,Femme,250.61,Fruits,5.25
3.31,35.96,Femme,263.85,Produits Transformés,4.77
3.19,40.11,Femme,153.09,Fruits,4.38
3.23,27.92,Homme,129.3,Boissons,2.03
2.2,24.94,Femme,172.32,Légumes,2.39
3.55,36.0,Homme,176.63,Produits Transformés,3.99
3.73,36.4,Femme,276.81,Fruits,5.84
4.03,31.18,Homme,225.67,Fruits,3.21
1.21,25.77,Femme,269.96,Produits Transformés,3.92
4.45,28.14,Femme,256.86,Produits Transformés,5.93
1.11,38.78,Femme,224.16,Fruits,3.35
2.81,25.83,Homme,215.95,Fruits,2.43
4.69,41.02,Homme,216.37,Légumes,4.93
2.54,43.52,Homme,111.84,Légumes,2.55
4.52,41.35,Homme,261.14,Boissons,5.29
1.87,40.58,Homme,234.64,Légumes,3.03
2.26,24.04,Femme,271.71,Légumes,5.95
1.52,42.15,Femme,289.83,Boissons,3.48
3.15,35.56,Homme,222.5,Produits Transformés,5.67
4.29,24.11,Homme,124.34,Légumes,4.38
1.76,34.37,Homme,107.16,Fruits,4.7
4.81,35.94,Homme,191.37,Produits Transformés,5.76
1.18,42.63,Femme,251.74,Boissons,5.1
1.99,37.93,Femme,176.95,Fruits,2.65
2.03,29.68,Homme,211.07,Fruits,4.85
1.72,30.7,Homme,285.05,Légumes,4.32
4.2,34.39,Femme,122.29,Boissons,2.11
4.9,35.97,Femme,287.23,Légumes,4.61
4.79,40.34,Homme,152.87,Fruits,4.31
3.81,25.29,Homme,235.55,Légumes,3.34
3.92,29.64,Homme,236.52,Boissons,5.38
1.49,37.64,Femme,126.93,Boissons,2.72
4.61,30.84,Homme,192.48,Produits Transformés,2.5
4.49,33.52,Femme,178.91,Fruits,5.8
3.23,38.15,Femme,283.99,Boissons,2.27
3.28,28.7,Femme,170.5,Fruits,5.43
1.22,37.53,Femme,160.74,Produits Transformés,3.34
3.25,26.99,Femme,151.58,Fruits,5.76
3.66,28.51,Femme,257.28,Produits Transformés,4.35
2.06,44.8,Homme,139.48,Fruits,3.46
2.5,44.1,Femme,291.56,Légumes,5.09
1.53,42.13,Homme,244.78,Boissons,5.28
3.29,26.14,Femme,134.85,Boissons,5.26
4.19,23.37,Femme,281.91,Fruits,5.46
1.27,40.32,Femme,126.41,Produits Transformés,5.98
3.3,35.23,Femme,167.67,Produits Transformés,5.29
2.41,31.48,Femme,294.75,Légumes,3.58
3.85,33.53,Homme,204.47,Boissons,3.67
1.15,40.23,Homme,178.8,Légumes,3.0
3.36,38.17,Femme,295.53,Produits Transformés,3.86
1.91,36.63,Femme,259.88,Légumes,3.89
4.77,39.81,Homme,229.67,Boissons,4.8
3.74,30.37,Homme,131.58,Produits Transformés,4.1
4.51,42.79,Homme,144.56,Fruits,5.72
2.7,38.32,Homme,217.37,Légumes,5.27
1.37,26.52,Homme,281.39,Légumes,3.16
1.06,41.75,Homme,260.6,Boissons,3.48
3.47,39.08,Homme,253.54,Fruits,4.96
2.35,33.19,Femme,211.32,Légumes,5.82
2.74,42.97,Homme,153.99,Boissons,2.81
1.16,35.33,Homme,213.54,Boissons,2.24
1.21,29.06,Homme,149.63,Produits Transformés,5.77
2.68,37.46,Femme,165.97,Boissons,2.29
4.97,37.73,Femme,156.14,Produits Transformés,3.62
2.32,43.64,Homme,205.46,Produits Transformés,2.02
2.27,40.49,Homme,140.88,Produits Transformés,5.2
1.4,42.88,Femme,103.3,Boissons,4.2
2.32,24.84,Homme,203.57,Produits Transformés,2.44
3.73,35.39,Homme,185.67,Produits Transformés,2.76
2.13,25.53,Femme,149.87,Fruits,4.36
2.79,24.12,Femme,143.86,Boissons,4.75
3.33,22.2,Femme,280.38,Produits Transformés,5.19
1.18,42.12,Homme,215.95,Produits Transformés,3.52
3.35,22.43,Homme,240.75,Produits Transformés,5.68
2.03,23.91,Homme,147.7,Boissons,3.71
4.73,41.33,Femme,294.98,Produits Transformés,2.28
3.38,29.23,Femme,155.92,Produits Transformés,4.94
1.56,25.28,Homme,171.15,Fruits,5.13
2.65,24.63,Femme,201.5,Fruits,3.56
2.91,36.6,Homme,154.3,Produits Transformés,2.04
3.7,42.39,Femme,271.77,Produits Transformés,2.75
3.41,38.25,Homme,148.33,Fruits,3.82
3.93,40.34,Femme,135.2,Légumes,4.4
3.55,44.46,Homme,262.57,Fruits,2.14
1.01,44.63,Homme,159.65,Légumes,2.93
2.34,41.17,Homme,213.02,Boissons,2.16
1.73,25.69,Femme,221.73,Produits Transformés,4.78
1.25,26.86,Femme,222.51,Légumes,2.95
4.14,31.99,Femme,282.91,Fruits,2.61
4.41,25.41,Femme,203.32,Fruits,4.34
2.97,30.62,Femme,280.61,Légumes,3.01
3.54,40.18,Homme,155.22,Légumes,3.3
1.01,32.03,Homme,171.39,Légumes,5.02
1.26,33.38,Homme,278.28,Fruits,3.53
3.28,37.57,Homme,201.46,Boissons,5.11
2.0,30.82,Homme,183.26,Fruits,4.41
1.8,42.9,Homme,240.11,Boissons,4.45
1.4,44.79,Homme,280.61,Légumes,2.21
3.41,29.69,Femme,149.44,Produits Transformés,5.8
2.44,41.41,Homme,118.83,Fruits,3.35
4.56,31.58,Femme,281.89,Produits Transformés,2.93
3.17,40.97,Homme,239.38,Fruits,5.42
3.02,34.19,Femme,289.08,Boissons,5.65
1.38,36.26,Femme,217.1,Légumes,4.21
2.31,28.65,Femme,199.34,Fruits,5.87
2.06,37.42,Femme,193.71,Fruits,3.14
4.82,38.13,Femme,130.59,Produits Transformés,3.11
1.65,23.98,Femme,255.01,Fruits,4.81
2.33,24.9,Homme,139.34,Boissons,2.58
1.28,34.3,Femme,136.56,Fruits,3.38
1.58,44.97,Femme,106.67,Boissons,2.67
4.15,22.37,Homme,257.51,Légumes,5.94
3.22,32.09,Homme,298.68,Boissons,2.61
1.01,24.11,Femme,244.73,Produits Transformés,2.17
4.17,26.78,Homme,263.46,Produits Transformés,4.21
4.1,38.67,Homme,228.0,Produits Transformés,2.19
3.44,30.16,Femme,194.07,Produits Transformés,4.75
1.88,23.03,Homme,256.17,Boissons,2.54
3.27,26.89,Femme,288.67,Produits Transformés,5.07
3.67,35.35,Femme,156.34,Boissons,2.86
4.15,28.2,Homme,222.33,Produits Transformés,2.05
1.42,42.77,Femme,102.66,Boissons,3.53
4.94,42.21,Homme,103.73,Légumes,2.57
4.44,36.03,Femme,260.45,Légumes,4.36
3.81,31.71,Femme,194.25,Produits Transformés,3.99
1.1,26.45,Femme,125.02,Boissons,4.68
2.91,42.06,Homme,171.48,Fruits,4.19
3.62,36.43,Homme,201.45,Fruits,4.41
1.69,43.99,Femme,193.0,Boissons,3.32
2.99,38.83,Femme,262.73,Produits Transformés,4.51
2.59,26.78,Homme,128.17,Produits Transformés,3.9
4.42,34.55,Femme,276.43,Fruits,3.26
4.82,23.78,Homme,254.13,Produits Transformés,5.05
3.8,43.03,Homme,214.69,Boissons,2.79
4.11,24.23,Femme,268.47,Produits Transformés,4.6
2.73,25.42,Femme,174.13,Légumes,2.09
1.12,41.13,Femme,178.55,Produits Transformés,4.98
4.16,38.98,Femme,230.14,Produits Transformés,4.87
4.07,25.49,Femme,115.9,Légumes,5.01
3.86,24.86,Femme,163.2,Produits Transformés,2.42
4.85,44.73,Homme,134.28,Boissons,2.53
1.25,35.96,Femme,163.8,Légumes,5.41
1.65,38.0,Homme,268.15,Produits Transformés,5.31
4.33,34.39,Femme,217.62,Boissons,5.07
2.01,28.9,Femme,148.56,Boissons,6.0
1.31,29.37,Femme,263.68,Produits Transformés,5.55
1.63,31.58,Femme,262.73,Fruits,2.9
3.27,31.98,Femme,147.47,Fruits,4.64
2.32,23.74,Femme,299.95,Produits Transformés,4.09
3.99,31.53,Homme,279.12,Fruits,5.22
3.98,32.48,Femme,233.56,Fruits,4.44
1.81,37.14,Femme,201.4,Légumes,5.74
2.71,24.69,Femme,293.12,Produits Transformés,3.82
3.13,32.53,Femme,226.06,Légumes,4.69
3.7,35.34,Homme,124.66,Boissons,5.94
1.97,26.87,Homme,259.32,Légumes,4.09
4.13,34.46,Homme,155.58,Boissons,5.07
4.18,39.49,Femme,266.74,Fruits,2.83
4.54,24.07,Homme,222.09,Produits Transformés,5.06
2.22,37.57,Homme,278.22,Légumes,3.67
2.71,28.06,Homme,162.52,Boissons,2.12
4.22,40.81,Femme,104.69,Fruits,3.04
2.89,31.68,Homme,260.81,Légumes,2.35
4.45,42.77,Homme,238.57,Légumes,3.4
2.27,30.85,Homme,246.92,Produits Transformés,5.23
3.37,34.99,Femme,143.46,Produits Transformés,2.51
2.69,41.83,Homme,290.78,Boissons,5.38
4.06,37.89,Femme,102.93,Boissons,3.7
4.24,32.94,Homme,180.55,Fruits,4.1
3.26,29.16,Homme,158.04,Produits Transformés,4.43
1.13,33.71,Homme,259.79,Fruits,4.0
2.05,44.55,Femme,221.7,Boissons,2.94
4.89,24.06,Femme,234.21,Produits Transformés,5.62
1.81,40.91,Femme,192.15,Produits Transformés,2.66
2.19,44.65,Femme,139.19,Fruits,3.02
4.41,39.35,Homme,178.11,Boissons,3.08
3.68,31.1,Homme,245.36,Légumes,5.3
1.93,44.26,Femme,220.91,Fruits,2.48
4.48,35.72,Homme,153.53,Légumes,4.65
3.64,43.26,Homme,146.38,Produits Transformés,4.39
2.36,35.4,Homme,258.88,Produits Transformés,2.16
2.41,32.01,Homme,213.06,Fruits,5.03
1.5,36.73,Homme,192.68,Légumes,3.47
3.74,34.57,Femme,204.94,Boissons,3.79
3.72,27.45,Femme,207.37,Fruits,5.65
1.86,30.07,Homme,152.24,Produits Transformés,2.32
1.9,42.82,Femme,220.31,Produits Transformés,3.16
2.92,22.87,Femme,147.02,Produits Transformés,5.13
1.85,32.64,Femme,136.71,Légumes,4.52
4.12,27.45,Femme,153.92,Légumes,4.57
2.67,30.1,Femme,134.01,Produits Transformés,4.7
2.13,25.45,Femme,128.57,Boissons,4.84
2.84,22.53,Homme,167.84,Produits Transformés,2.58
3.37,30.73,Femme,159.31,Produits Transformés,3.56
4.99,30.59,Femme,290.93,Boissons,3.19
2.0,22.65,Homme,164.81,Fruits,3.69
2.66,25.61,Homme,115.99,Produits Transformés,2.34
1.41,30.46,Femme,188.82,Boissons,4.69
4.25,37.18,Homme,247.02,Fruits,4.11
2.76,34.15,Femme,297.62,Légumes,3.51
2.31,26.12,Homme,259.12,Produits Transformés,5.03
1.33,39.13,Homme,107.99,Produits Transformés,3.52
2.22,26.12,Homme,134.09,Produits Transformés,2.34
2.2,36.56,Homme,162.48,Légumes,4.07
3.53,23.33,Homme,295.8,Légumes,2.52
3.21,43.04,Homme,170.4,Produits Transformés,2.61
1.25,41.3,Femme,299.95,Légumes,5.58
2.64,36.6,Homme,156.18,Boissons,5.9
1.32,44.54,Homme,265.32,Fruits,2.54
4.78,30.74,Femme,112.87,Boissons,2.78
2.42,34.79,Femme,190.77,Fruits,3.89
1.01,40.49,Femme,213.63,Produits Transformés,2.28
4.01,41.98,Femme,167.0,Légumes,4.48
1.55,44.23,Femme,116.67,Fruits,2.38
3.2,27.65,Homme,166.6,Légumes,2.88
3.99,23.15,Femme,183.0,Légumes,4.38
4.99,25.73,Homme,264.74,Boissons,5.93
3.48,22.22,Femme,173.66,Légumes,3.13
1.09,26.29,Femme,109.26,Boissons,5.52
4.45,22.11,Femme,110.3,Fruits,2.97
4.61,30.7,Homme,150.48,Légumes,5.41
4.29,36.03,Homme,178.44,Boissons,4.89
2.82,32.37,Femme,276.8,Fruits,4.18
2.9,35.34,Femme,173.6,Produits Transformés,3.04
2.23,44.69,Femme,223.81,Produits Transformés,2.81
1.38,39.77,Homme,117.64,Fruits,2.02
4.04,28.32,Homme,135.49,Légumes,5.63
2.17,27.52,Homme,106.55,Légumes,2.89
1.9,27.96,Homme,210.15,Fruits,3.49
3.58,26.75,Homme,296.68,Légumes,3.87
1.37,22.66,Homme,204.4,Fruits,4.19
4.74,23.37,Homme,207.51,Fruits,5.7
3.94,31.55,Homme,131.4,Légumes,5.27
4.66,44.26,Femme,255.68,Boissons,4.75
4.07,37.07,Femme,223.14,Produits Transformés,3.04
3.79,33.27,Homme,252.19,Fruits,3.03
2.85,43.74,Homme,201.63,Légumes,2.56
2.32,31.6,Femme,260.32,Produits Transformés,5.31
2.62,28.49,Femme,146.15,Boissons,2.35
2.95,27.31,Femme,294.65,Boissons,2.38
2.3,28.58,Homme,212.0,Boissons,5.08
2.71,39.75,Femme,195.53,Produits Transformés,2.14
2.85,22.55,Femme,294.49,Fruits,3.44
1.13,29.02,Femme,152.05,Fruits,4.54
3.55,40.46,Femme,208.52,Fruits,3.09
4.56,30.21,Homme,221.97,Fruits,4.05
3.41,37.28,Femme,104.09,Boissons,3.64
2.29,28.56,Homme,261.83,Fruits,2.57
1.56,42.33,Homme,280.14,Légumes,2.04
1.37,24.34,Femme,111.16,Boissons,3.16
3.5,22.92,Femme,259.16,Légumes,5.05
4.34,23.26,Femme,171.74,Légumes,4.94
4.12,25.82,Femme,181.32,Légumes,2.16
1.24,44.49,Homme,104.16,Légumes,3.81
4.29,41.09,Homme,205.48,Produits Transformés,4.54
4.61,27.5,Homme,213.98,Fruits,5.55
3.79,44.26,Homme,247.37,Boissons,4.35
2.24,42.98,Homme,194.24,Produits Transformés,2.94
2.74,28.12,Femme,187.97,Produits Transformés,2.02
3.95,25.88,Femme,213.53,Fruits,2.04
2.03,26.92,Homme,292.04,Produits Transformés,4.8
1.02,25.78,Femme,159.14,Légumes,3.3
1.31,38.36,Homme,103.14,Fruits,4.2
2.28,29.07,Homme,163.53,Légumes,2.95
2.03,42.08,Femme,298.02,Fruits,2.43
3.91,31.02,Femme,284.66,Légumes,4.28
4.8,36.66,Homme,227.98,Légumes,4.4
1.49,39.21,Femme,288.29,Fruits,3.51
3.99,31.27,Femme,230.86,Produits Transformés,2.61
1.65,28.42,Femme,134.06,Fruits,3.51
2.39,32.98,Femme,257.22,Fruits,2.04
2.53,31.26,Homme,201.06,Produits Transformés,2.22
3.5,30.55,Femme,153.3,Fruits,3.96
1.39,28.27,Femme,272.29,Produits Transformés,4.65
1.63,41.67,Homme,280.59,Fruits,2.3
2.19,33.06,Homme,249.04,Produits Transformés,3.65
4.5,34.47,Homme,248.26,Fruits,4.64
4.75,33.09,Femme,220.55,Fruits,2.63
4.47,43.57,Femme,260.6,Légumes,3.61
4.51,23.71,Femme,164.25,Boissons,4.99
2.96,39.83,Femme,224.7,Boissons,4.72
3.68,34.56,Homme,158.21,Boissons,2.92
4.58,44.96,Femme,148.97,Produits Transformés,5.75
4.32,38.23,Femme,151.89,Fruits,3.81
2.68,37.83,Homme,101.44,Boissons,4.13
1.53,28.2,Homme,172.52,Produits Transformés,3.29
1.59,42.9,Homme,244.55,Légumes,5.99
2.87,44.54,Homme,294.07,Produits Transformés,4.14
2.34,22.92,Homme,188.29,Boissons,2.99
4.28,31.12,Homme,183.25,Boissons,5.56
3.54,32.1,Homme,115.92,Boissons,3.32
3.13,28.14,Femme,216.04,Boissons,4.48
2.62,35.88,Femme,197.57,Boissons,5.29
3.4,44.19,Femme,154.94,Produits Transformés,5.57
2.43,36.2,Homme,237.72,Légumes,5.34
3.89,36.01,Femme,122.08,Produits Transformés,4.98
4.1,24.15,Femme,278.22,Fruits,3.13
3.78,38.39,Homme,143.84,Boissons,3.7
4.84,42.78,Femme,187.84,Produits Transformés,3.57
3.14,35.94,Femme,257.08,Légumes,2.83
4.58,34.27,Homme,257.76,Boissons,2.08
2.55,24.62,Homme,108.79,Fruits,4.5
1.31,31.96,Homme,158.3,Produits Transformés,4.89
2.5,34.99,Homme,206.17,Boissons,2.69
2.08,23.54,Homme,277.23,Produits Transformés,2.79
3.43,37.3,Femme,262.28,Boissons,3.69
2.96,44.96,Homme,172.52,Fruits,4.62
1.94,41.45,Femme,135.31,Produits Transformés,5.4
2.38,42.49,Homme,241.55,Boissons,3.29
2.86,36.51,Homme,122.29,Légumes,4.65
1.5,28.83,Femme,145.42,Boissons,5.65
4.63,43.32,Femme,277.06,Légumes,4.01
1.18,34.0,Femme,230.46,Boissons,2.87
3.44,40.39,Homme,235.46,Légumes,3.76
3.72,22.4,Femme,292.42,Légumes,2.04
3.13,42.6,Femme,253.78,Légumes,2.52
4.08,41.12,Homme,151.53,Produits Transformés,5.06
3.77,27.37,Femme,249.36,Produits Transformés,2.1
3.37,33.2,Femme,245.78,Légumes,3.98
4.88,28.98,Femme,100.69,Fruits,2.93
4.9,44.9,Homme,218.1,Produits Transformés,2.61
1.37,34.12,Femme,208.21,Boissons,5.21
2.99,44.4,Femme,114.67,Légumes,3.31
1.17,33.32,Femme,199.67,Légumes,3.04
4.33,30.26,Homme,174.1,Boissons,4.68
4.33,42.67,Femme,117.08,Boissons,3.17
3.02,22.49,Homme,110.56,Boissons,5.4
4.83,30.01,Homme,205.4,Produits Transformés,2.06
1.07,37.87,Femme,101.22,Produits Transformés,3.27
1.85,29.97,Femme,268.58,Légumes,4.63
3.34,41.15,Homme,241.16,Boissons,3.5
4.42,35.08,Femme,198.47,Boissons,3.79
4.79,37.12,Femme,226.09,Boissons,5.94
1.42,29.42,Femme,260.83,Boissons,4.42
4.14,23.34,Homme,144.01,Boissons,5.74
4.4,27.41,Homme,275.56,Fruits,2.64
4.64,27.81,Homme,259.67,Fruits,4.65
1.99,27.46,Femme,248.13,Fruits,2.64
3.46,25.23,Femme,299.81,Fruits,4.39
1.54,37.76,Femme,238.73,Produits Transformés,2.19
2.3,31.73,Femme,274.9,Fruits,2.17
2.65,37.48,Homme,219.52,Fruits,4.46
1.59,30.91,Homme,218.4,Boissons,2.51
4.74,41.77,Homme,271.73,Produits Transformés,2.07
3.06,25.02,Homme,287.56,Produits Transformés,4.66
4.1,38.93,Homme,157.5,Fruits,5.87
4.93,33.54,Homme,220.02,Fruits,3.33
4.23,27.82,Homme,276.53,Produits Transformés,5.81
4.48,23.44,Homme,291.46,Boissons,5.9
1.88,44.15,Femme,114.18,Fruits,2.02
4.49,28.45,Femme,222.31,Boissons,4.82
4.06,24.84,Femme,258.59,Produits Transformés,2.02
3.85,37.62,Homme,106.58,Fruits,3.58
2.8,44.47,Homme,252.33,Produits Transformés,3.02
4.7,29.63,Femme,295.86,Fruits,3.95
3.49,22.56,Femme,133.58,Fruits,3.89
3.14,44.92,Femme,229.17,Fruits,3.5
4.52,34.67,Homme,126.17,Fruits,3.5
2.03,39.06,Femme,254.4,Boissons,5.93
2.9,29.53,Femme,108.95,Produits Transformés,5.63
4.83,41.71,Femme,259.21,Produits Transformés,2.63
2.62,28.48,Femme,284.87,Fruits,2.17
1.7,27.97,Femme,172.6,Produits Transformés,3.4
4.46,34.4,Femme,213.32,Produits Transformés,4.8
2.11,40.98,Femme,113.93,Boissons,5.96
4.61,37.42,Femme,133.88,Fruits,5.01
3.56,38.66,Femme,142.24,Fruits,3.1
3.75,36.61,Femme,215.22,Produits Transformés,3.07
1.55,34.96,Femme,245.87,Fruits,3.99
4.38,31.17,Homme,237.9,Boissons,4.41
4.11,22.7,Homme,121.35,Fruits,5.29
3.11,31.31,Homme,121.08,Légumes,5.93
4.17,25.61,Homme,226.59,Légumes,3.65
2.02,25.62,Femme,193.28,Fruits,3.76
4.45,25.64,Femme,145.83,Légumes,4.39
2.64,42.11,Homme,272.63,Produits Transformés,5.22
2.72,28.24,Femme,269.72,Boissons,5.54
4.98,33.33,Femme,213.66,Fruits,5.96
3.61,26.37,Femme,180.28,Légumes,3.37
3.12,25.65,Femme,204.15,Boissons,5.66
3.71,40.36,Homme,105.32,Fruits,5.12
4.53,28.04,Femme,142.65,Légumes,5.69
1.03,23.1,Femme,245.81,Fruits,4.57
4.59,33.79,Homme,226.91,Produits Transformés,4.66
3.4,33.04,Femme,135.45,Boissons,2.6
2.83,41.02,Femme,123.12,Produits Transformés,3.35
4.11,26.95,Homme,234.65,Fruits,2.78
1.78,42.06,Femme,238.27,Légumes,2.75
4.99,29.69,Femme,275.46,Légumes,5.89
2.45,41.78,Homme,202.78,Fruits,4.19
3.98,28.7,Homme,213.39,Boissons,2.94
1.52,31.07,Femme,269.22,Fruits,2.53
1.25,33.65,Femme,167.4,Boissons,3.61
1.28,37.78,Femme,155.93,Fruits,2.96
2.19,41.58,Homme,286.81,Produits Transformés,3.45
2.86,39.77,Homme,191.41,Boissons,5.02
4.83,25.48,Homme,162.29,Produits Transformés,2.62
3.08,42.13,Homme,165.39,Légumes,4.98
1.89,26.81,Homme,194.6,Légumes,4.6
1.7,26.97,Homme,113.18,Boissons,3.84
4.83,42.1,Femme,273.51,Boissons,3.84
3.41,31.32,Femme,293.23,Produits Transformés,4.71
4.6,28.78,Homme,171.96,Boissons,3.0
3.62,36.48,Homme,168.12,Fruits,5.88
1.73,24.88,Femme,101.25,Fruits,5.39
4.29,33.37,Homme,187.87,Produits Transformés,4.37
3.31,23.66,Homme,265.7,Produits Transformés,3.81
2.06,34.15,Homme,185.8,Légumes,4.87
1.1,32.23,Femme,190.33,Boissons,3.28
1.65,37.87,Homme,178.93,Produits Transformés,4.42
2.56,44.83,Homme,117.06,Produits Transformés,3.83
4.9,40.38,Homme,211.88,Produits Transformés,4.68
3.9,22.71,Femme,225.66,Légumes,3.83
2.79,43.09,Homme,164.36,Produits Transformés,5.38
1.25,30.23,Homme,250.54,Légumes,3.48
1.92,32.38,Femme,167.06,Boissons,3.31
1.88,23.14,Femme,236.59,Boissons,2.42
3.42,39.22,Femme,279.19,Boissons,3.92
2.82,38.65,Femme,282.26,Boissons,5.92
2.27,31.67,Homme,176.0,Fruits,5.99
4.89,37.12,Femme,255.67,Produits Transformés,5.32
3.74,38.82,Femme,208.06,Boissons,5.17
4.1,37.96,Homme,143.43,Produits Transformés,4.26
3.1,31.51,Homme,244.06,Légumes,5.24
4.88,42.34,Femme,172.4,Produits Transformés,4.74
4.56,39.17,Homme,266.68,Fruits,4.41
2.47,29.41,Homme,153.86,Produits Transformés,2.22
3.2,37.18,Femme,253.08,Produits Transformés,4.72
2.9,26.53,Homme,220.83,Fruits,2.37
2.61,35.9,Femme,179.59,Boissons,3.53
2.85,36.43,Femme,222.89,Fruits,2.81
4.84,33.13,Femme,246.61,Fruits,2.25
1.33,30.17,Femme,100.36,Fruits,2.27
3.55,31.47,Homme,280.36,Produits Transformés,4.46
1.91,35.66,Femme,237.4,Produits Transformés,4.81
2.02,33.95,Femme,200.34,Boissons,4.04
2.36,25.06,Homme,183.99,Légumes,3.36
1.07,36.03,Femme,170.63,Légumes,3.99
3.35,39.99,Homme,156.42,Légumes,5.7
2.01,35.69,Homme,220.33,Boissons,5.2
3.27,26.8,Femme,176.2,Produits Transformés,2.89
1.84,34.51,Femme,121.95,Légumes,5.7
4.31,31.02,Homme,256.25,Légumes,4.96
1.08,26.31,Homme,237.19,Légumes,5.0
3.38,42.31,Femme,258.69,Boissons,5.98
2.63,37.24,Homme,110.48,Produits Transformés,3.63
3.38,42.57,Homme,290.54,Boissons,4.88
2.59,36.81,Femme,107.24,Fruits,2.12
4.84,38.72,Femme,138.62,Produits Transformés,3.6
2.3,41.23,Femme,293.69,Légumes,2.71
3.44,42.21,Femme,280.47,Boissons,3.14
4.36,44.38,Femme,185.91,Fruits,2.78
3.21,23.28,Homme,156.1,Produits Transformés,3.31
3.64,37.9,Femme,166.74,Produits Transformés,4.47
4.86,38.14,Femme,280.95,Légumes,5.92
4.76,26.12,Homme,243.1,Produits Transformés,5.97
2.65,27.51,Homme,143.17,Fruits,3.38
2.57,44.83,Femme,267.61,Fruits,5.59
2.12,33.13,Homme,231.01,Fruits,4.09
3.71,26.78,Homme,113.54,Boissons,4.92
1.47,43.64,Homme,264.49,Boissons,4.79
1.27,33.22,Femme,270.11,Fruits,3.15
1.35,27.3,Femme,292.18,Légumes,2.78
3.37,23.66,Femme,153.51,Légumes,3.8
4.35,43.84,Femme,180.41,Boissons,5.85
1.61,25.76,Homme,107.77,Fruits,3.59
4.37,33.39,Femme,266.24,Légumes,4.86
1.62,28.35,Femme,107.93,Légumes,3.85
3.37,30.29,Homme,289.97,Légumes,3.17
2.61,34.71,Homme,175.74,Légumes,5.35
4.11,40.09,Homme,107.35,Légumes,3.76
3.73,37.0,Femme,282.13,Légumes,2.23
1.15,28.64,Femme,118.88,Fruits,2.88
2.54,40.46,Femme,260.91,Légumes,5.09
1.75,37.78,Homme,168.58,Légumes,3.69
2.49,37.98,Homme,237.99,Boissons,5.94
4.39,33.16,Homme,254.26,Fruits,5.07
3.98,36.82,Homme,281.39,Légumes,2.29
1.27,31.75,Homme,224.51,Légumes,4.01
3.54,43.97,Femme,208.03,Boissons,5.01
4.26,43.02,Femme,260.06,Légumes,3.04
2.09,24.99,Homme,263.96,Légumes,2.87
4.85,30.81,Homme,210.1,Boissons,2.21
1.33,29.79,Femme,136.81,Boissons,3.25
1.01,36.78,Femme,205.73,Boissons,5.53
2.0,22.24,Femme,297.3,Légumes,4.18
2.43,42.13,Femme,237.29,Légumes,4.39
1.78,22.11,Homme,192.18,Produits Transformés,3.46
3.5,33.53,Femme,226.49,Boissons,3.57
1.28,25.19,Homme,224.8,Légumes,3.22
1.88,33.14,Femme,257.13,Légumes,3.66
3.83,42.33,Femme,189.36,Boissons,3.76
1.52,27.95,Femme,101.37,Boissons,5.23
2.04,34.96,Homme,276.49,Boissons,4.72
1.37,23.6,Femme,265.46,Fruits,2.87
2.95,34.63,Femme,101.95,Fruits,2.94
1.96,33.16,Homme,151.14,Fruits,2.88
1.42,22.27,Femme,278.91,Produits Transformés,2.75
2.67,42.7,Femme,160.39,Boissons,3.37
2.08,35.36,Homme,202.11,Produits Transformés,4.36
2.47,39.18,Femme,168.6,Produits Transformés,2.77
3.18,25.2,Femme,132.54,Légumes,3.45
3.86,33.06,Femme,118.95,Produits Transformés,4.08
1.32,34.58,Homme,126.1,Fruits,5.45
3.08,39.63,Homme,296.34,Produits Transformés,4.23
4.07,25.52,Homme,180.4,Boissons,3.3
4.53,27.4,Femme,203.46,Boissons,3.18
3.97,33.45,Homme,124.39,Légumes,4.98
1.54,36.15,Homme,117.8,Légumes,3.38
3.66,29.81,Femme,169.27,Légumes,5.63
4.7,35.75,Femme,147.16,Boissons,5.3
1.15,34.48,Homme,149.52,Produits Transformés,3.53
1.69,43.74,Homme,267.52,Produits Transformés,2.48
3.25,36.3,Homme,120.6,Boissons,5.72
1.17,34.71,Femme,293.86,Fruits,2.82
2.89,42.65,Homme,188.6,Légumes,3.8
3.54,24.09,Femme,207.64,Produits Transformés,3.14
2.05,35.64,Homme,210.48,Boissons,5.66
1.69,26.64,Femme,235.78,Légumes,3.63
2.55,22.29,Femme,177.58,Fruits,2.39
3.94,40.34,Homme,118.19,Fruits,3.73
4.06,36.63,Homme,274.47,Légumes,4.27
1.85,32.59,Femme,291.9,Fruits,3.15
1.28,23.3,Homme,221.64,Fruits,3.47
3.12,27.26,Femme,230.73,Produits Transformés,2.9
4.97,33.51,Homme,102.01,Fruits,5.62
2.64,34.07,Homme,297.98,Boissons,2.84
3.25,35.52,Femme,155.53,Produits Transformés,5.59
3.34,23.82,Femme,295.01,Boissons,5.85
2.07,24.93,Femme,169.24,Boissons,3.8
1.07,44.55,Femme,208.92,Fruits,2.21
4.24,30.82,Femme,197.63,Fruits,2.58
2.26,31.41,Homme,222.93,Boissons,4.86
1.1,22.46,Femme,131.89,Fruits,2.35
1.43,37.18,Homme,185.02,Légumes,3.49
3.72,23.01,Homme,228.75,Boissons,5.57
3.75,42.72,Homme,291.35,Fruits,4.23
3.23,39.03,Femme,116.07,Produits Transformés,2.29
1.97,24.71,Femme,263.48,Boissons,5.74
2.8,40.7,Femme,248.27,Légumes,2.03
2.69,33.64,Femme,293.09,Produits Transformés,2.55
3.4,27.14,Femme,192.99,Légumes,2.71
3.78,26.43,Homme,138.38,Produits Transformés,3.37
2.38,37.7,Femme,187.54,Boissons,5.23
4.4,23.52,Homme,218.53,Fruits,3.82
2.75,34.53,Homme,274.39,Produits Transformés,3.01
3.71,37.96,Homme,122.41,Boissons,3.18
2.74,29.03,Femme,128.55,Produits Transformés,4.63
1.03,40.83,Femme,153.08,Produits Transformés,2.46
4.49,31.52,Homme,114.07,Fruits,3.43
3.27,35.83,Femme,149.13,Légumes,2.92
2.33,41.25,Femme,229.24,Boissons,4.9
2.22,34.43,Femme,104.69,Légumes,5.17
1.38,39.18,Homme,192.77,Fruits,5.14
1.08,38.53,Homme,118.14,Produits Transformés,5.16
4.18,42.27,Femme,117.26,Légumes,3.74
3.32,35.96,Homme,218.79,Boissons,3.52
4.83,44.24,Homme,177.58,Boissons,3.54
1.34,28.92,Homme,244.95,Fruits,2.86
